inv_id,inv_nama, inv_awal 
0000001,MCB 10 AMPERE 1PHASE, 27.00 
0000002,KOTAK + TOMBOL ,
0000003,PUSH BOTTON,
0000004,RELAY LY 2/220V, 4.00 
0000005,SPIRAL,
0000006,RELAY LY 2/12V, 10.00 
0000007,KABEL TREY 20 X 5,
0000008,KABEL TREE 30 X 5,
0000009,JOINT TREY,
0000010,KABEL TREY 20 X 10,
0000011,ELBOW TREY 20 X 10,
0000012,OUTSIDE RISER TREY 20 X 10,
0000013,INSIDE RISER TREY 20 X 10,
0000014,JOINT TREY 20 X 10,
0000015,AMPLAS GERINDA, 17.00 
0000016,AMPLAS KAIN, 6.00 
0000017,AMPLAS KASAR,
0000018,BAUT & MUR 1/2 x 2," 1,588.00 "
0000019,BAUT & MUR 5/8 x 2 1/2, 731.00 
0000020,MUR & BAUT FLANK 3,
0000021,BAUT JF 4X15,
0000022,BAUT & MUR 5/8 SETENGAH DRAT, 20.00 
0000023,BESI SIKU 4X4, 397.00 
0000024,BESI UNP, 268.00 
0000025,BALL VALVE COMAP 1/4,
0000026,BALL VALVE COMAP 1/2, 93.00 
0000027,BALL VALVE COMAP 3/4, 133.00 
0000028,BALL VALVE COMAP 1,
0000029,BALL VALVE COMAP 1 1/4, 22.00 
0000030,BALL VALVE COMAP 1 1/2, 12.00 
0000031,BALL VALVE COMAP 2, 11.00 
0000032,BALL VALVE COMAP 2 1/2,
0000033,BALL VALVE MIC AUTOMATIC SAFETY 1/4, 178.00 
0000034,BALL VALVE MIC 1/4 TWO WAY, 208.00 
0000035,BALL VALVE MIC 1/2, 251.00 
0000036,BALL VALVE MIC 3/4, 151.00 
0000037,BALL VALVE MIC 1, 253.00 
0000038,BALL VALVE MIC 1 1/4, 121.00 
0000039,BALL VALVE MIC 1 1/2, 136.00 
0000040,BALL VALVE MIC 2, 54.00 
0000041,BALL VALVE MIC 2 1/2, 17.00 
0000042,BALL VALVE RUB 1/4, 160.00 
0000043,BALL VALVE RUB 1/2, 52.00 
0000044,BALL VALVE RUB 3/4, 64.00 
0000045,BALL VALVE RUB 1, 133.00 
0000046,BALL VALVE RUB 1 1/4, 70.00 
0000047,BALL VALVE RUB 1 1/2, 94.00 
0000048,BALL VALVE RUB 2, 54.00 
0000049,BALL VALVE RUB 2 1/2, 19.00 
0000050,CAT BIRU 1LTR,
0000051,CAT KUNING EMCO 1LTR, 16.00 
0000052,CAT MERAH 1LTR, 3.00 
0000053,CAT ZINCROMATE 1LTR, 21.00 
0000054,CAT ZINCROMATE 5LTR, 5.00 
0000055,CAT EPOXY ACLOSE GREY ,
0000056,CAT PUTIH EMCO, 14.00 
0000057,CAT HITAM, 1.00 
0000058,CAT ZINCROMATE ,
0000059,CAT KUNING TIPE SERV 567,
0000060,CAT DOP HITAM,
0000061,CAT DOP SILVER,
0000062,CAT PILOK,
0000063,CAT BEEBRAND 116,
0000064,CAT ORANGE, 9.00 
0000065,DOP BS 1/4,
0000066,DOP BS 1/2, 8.00 
0000067,DOP BS 3/4,
0000068,DOP BS 1, 57.00 
0000069,DOP BS 1 1/4, 47.00 
0000070,DOP BS 1 1/2, 24.00 
0000071,DOP BS 2, 9.00 
0000072,DOP BS 2 1/2,
0000073,DOUBLE NEPLE BS 1/4,
0000074,DOUBLE NEPLE BS 1/2, 62.00 
0000075,DOUBLE NEPLE BS 1/2 X 1/4,
0000076,DOUBLE NEPLE BS 3/4,
0000077,DOUBLE NEPLE BS 1, 26.00 
0000078,DOUBLE NEPLE BS 1 X 1/2,
0000079,DOUBLE NEPLE BS 1 1/4, 57.00 
0000080,DOUBLE NEPLE BS 1 1/2, 11.00 
0000081,DOUBLE NEPLE BS 2, 26.00 
0000082,DOUBLE NEPLE KUNINGAN 1/2 X 1/4, 44.00 
0000083,"DOUBLE NEEPLE RIFENG UK.1""",
0000084,DOUBLE NEPLE SS 1/4, 155.00 
0000085,DOUBLE NEPLE SS 1/2, 112.00 
0000086,DOUBLE NEPLE SS 1/2 X 1/4, 132.00 
0000087,DOUBLE NEPLE SS 3/4, 282.00 
0000088,DOUBLE NEPLE SS 3/8, 234.00 
0000089,DOUBLE NEPLE SS 1, 237.00 
0000090,DOUBLE NEPLE SS 1 X 1/4, 54.00 
0000091,DOUBLE NEPLE SS 1 X 1/2, 182.00 
0000092,DOUBLE NEPLE SS 1 X 3/4, 212.00 
0000093,DOUBLE NEPLE SS 1 1/4, 82.00 
0000094,DOUBLE NEPLE SS 1 1/2, 83.00 
0000095,DOUBLE NEPLE SS 2, 44.00 
0000096,DOUBLE NEPLE SS 2 1/2, 45.00 
0000097,DOUBLE NEPLE SS 1 1/2 X 1/2, 50.00 
0000098,DOP SS 1/2, 82.00 
0000099,DOP SS 3/4, 102.00 
0000100,DOP SS 1, 105.00 
0000101,DOP SS 1 1/4, 52.00 
0000102,DOP SS 1 1/2, 52.00 
0000103,DOP SS 2, 38.00 
0000104,DOP SS 2 1/2, 40.00 
0000105,DOP VALVE TABUNG,
0000106,DYNABOLT 10 X 50MM," 1,323.00 "
0000107,DYNABOLT STAINLES 8 X40MM,
0000108,DYNABOLT 12MM, 100.00 
0000109,ELBOW RIFENG L16, 19.00 
0000110,ELBOW RIFENG L20, 11.00 
0000111,ELBOW RIFENG 1,
0000112,Elbow BS 1/2, 98.00 
0000113,Elbow BS  3/4, 44.00 
0000114,Elbow BS 1    , 32.00 
0000115,Elbow BS 1 1/4, 49.00 
0000116,Elbow BS 1 1/2, 34.00 
0000117,Elbow BS 2    , 28.00 
0000118,Elbow BS 2 1/2, 1.00 
0000119,ELBOW LAS SCH.40 1/2, 140.00 
0000120,ELBOW LAS SCH.40  3/4, 157.00 
0000121,ELBOW LAS SCH.40  1, 109.00 
0000122,ELBOW LAS SCH.40  1 1/4, 110.00 
0000123,ELBOW LAS SCH.40  1 1/2, 310.00 
0000124,ELBOW LAS SCH.40  2, 53.00 
0000125,ELBOW LAS SCH.40  2 1/2, 25.00 
0000126,ELBOW LAS SCH.40  3, 34.00 
0000127,ELBOW LAS SCH.20 2 1/2, 17.00 
0000128,ELBOW LAS SCH.20 1/2, 124.00 
0000129,ELBOW LAS SCH.20 3/4, 98.00 
0000130,ELBOW LAS SCH.20 1,
0000131,ELBOW LAS SCH.20 1 1/4, 4.00 
0000132,ELBOW LAS SCH.20 1 1/2, 32.00 
0000133,ELBOW LAS SCH.20 2    , 3.00 
0000134,ELBOW TEMBAGA 1 1/2,
0000135,FLANK BUKA 1/2, 57.00 
0000136,FLANK BUKA 3/4, 70.00 
0000137,FLANK BUKA 1, 71.00 
0000138,FLANK BUKA 1 1/4, 25.00 
0000139,FLANK BUKA 1 1/2, 49.00 
0000140,FLANK BUKA 2, 17.00 
0000141,FLANK BUKA 2 1/2, 28.00 
0000142,FLANK BUKA 3, 39.00 
0000143,FLUG BS 1 1/4,
0000144,FLUG BS 1,
0000145,FLUG BS 3/4,
0000146,FLUG BS 1/2,
0000147,FLEXIBLE HOSE TOZEN 1/2 X 20, 2.00 
0000148,FLEXIBLE HOSE TOZEN 1/2 X 30, 9.00 
0000149,FLEXIBLE HOSE 1/2 X 40,
0000150,FLEXIBLE HOSE TOZEN 1/2 X 50, 25.00 
0000151,FLEXIBLE HOSE TOZEN  1/2 X 60, 11.00 
0000152,FLEXIBLE HOSE TOZEN  1/2 x 75, 49.00 
0000153,FLEXIBLE HOSE TOZEN  1/2 X 80, 54.00 
0000154,FLEXIBLE HOSE  TOZEN 1/2 X 100, 24.00 
0000155,FLEXIBLE HOSE 1/2 x 150, 6.00 
0000156,FLEXIBLE HOSE 1/2 x 200, 6.00 
0000157,FLEXIBLE HOSE TOZEN 3/4 x 30, 15.00 
0000158,FLEXIBLE HOSE TOZEN 3/4 X 40, 11.00 
0000159,FLEXIBLE HOSE TOZEN 3/4 X 50, 10.00 
0000160,FLEXIBLE HOSE TOZEN 3/4 X 60, 25.00 
0000161,FLEXIBLE HOSE TOZEN 3/4 x 80, 14.00 
0000162,FLEXIBLE HOSE TOZEN 3/4 x 100, 27.00 
0000163,FLEXIBLE HOSE 3/4 X 120, 9.00 
0000164,FLEXIBLE HOSE 3/4 X 150,
0000165,FLEXIBLE HOSE 1 X 20, 10.00 
0000166,FLEXIBLE HOSE TOZEN  1 x 100, 14.00 
0000167,FLEXIBLE HOSE 1 1/4 X 60, 10.00 
0000168,FLEXIBLE HOSE 1 X 25, 11.00 
0000169,FLEXIBLE HOSE 1/2 X 120, 39.00 
0000170,FLEXIBLE HOSE 3/4 X 130, 13.00 
0000171,FLEXIBLE HOSE 1/2 X 166, 24.00 
0000172,FLEXIBLE HOSE TOZEN 1/2 X 40, 11.00 
0000173,FLEXIBLE HOSE 1/2 X 100, 23.00 
0000174,FISHER S-6," 4,510.00 "
0000175,FLUG SS 1/4, 49.00 
0000176,FLUG SS 1/2, 16.00 
0000177,FLUG SS 3/4, 25.00 
0000178,FLUG SS 1, 35.00 
0000179,FLUG SS 1 1/4, 33.00 
0000180,FLUG SS  1 1/2, 50.00 
0000181,FLANK TUTUP 1/2, 24.00 
0000182,FLANK TUTUP 3/4, 30.00 
0000183,FLANK TUTUP 1, 53.00 
0000184,FLANK TUTUP 1 1/4, 22.00 
0000185,FLANK TUTUP 1 1/2, 35.00 
0000186,FLANK TUTUP 2, 32.00 
0000187,FLANK TUTUP 2 1/2, 8.00 
0000188,FLANK TUTUP 3, 14.00 
0000189,GAS DETECTOR MIC 12V, 183.00 
0000190,GAS DETECTOR ANDEREN, 101.00 
0000191,GAS DETECTOR SHINWO, 23.00 
0000192,GAS DETECTOR MILANO, 9.00 
0000193,Gas Leak Detector hijau(CD 100A),
0000194,GAS FILTER 1, 31.00 
0000195,GAS FILTER 1 1/4, 15.00 
0000196,GAS FILTER 1 1/2, 19.00 
0000197,GAS FILTER 2, 20.00 
0000198,"GAS FILTER MADAS 1"" FMC - DN25",
0000199,GAS METER LANDYS, 89.00 
0000200,GAS METER LANDYS + KALIBRASI,
0000201,HI COOK, 32.00 
0000202,INCIAN SAFETY RELIEF, 673.00 
0000203,INCIAN PRESSURE GAUGE 1/4, 48.00 
0000204,INCIAN VALVE 1/4," 1,105.00 "
0000205,ISOLASI UNIBELT, 497.00 
0000206,IN HOUSE,
0000207,PROJECT VENDOR LUAR,
0000208,"KABEL NYY HY FEDERAL 2 X 0,75", 62.50 
0000209,"KABEL FEDERAL NYMHY 4 X 0,75", 211.00 
0000210,"KABEL SUPREME NYM 2 X 2 X 0,6"," 1,443.30 "
0000211,"KABEL FEDERAL MONSTER 2 X 23/0,12", 85.00 
0000212,"KABEL SUPREME NYM 2 X 2,5", 435.00 
0000213,"KABEL SUPREME NYM 3 X 2,5", 415.00 
0000214,KABEL FEDERAL NYYHY FMC 300-500 rat,
0000215,KABEL FEDERAL INTERCOM/TELEPON, 308.00 
0000216,KABEL TIS 30 CM," 2,227.00 "
0000217,"KABEL SUPREME NYM 2 X 1,5 (PUTIH) ", 555.50 
0000218,"Kabel Federal NYMHY/NYYHY (HITAM) 4 X 0,75", 29.50 
0000219,"Kabel Federal NYMHY MULTIWARE(PUTIH) 0,75", 30.00 
0000220,Kabel Supreme NYM 2 X 0.75, 800.00 
0000221,"Kabel Supreme NYMHY(PUTIH) 2 X 0,75",
0000222,"Kabel Federal NYYHY (HITAM) 2 X 0,75", 200.00 
0000223,"Kabel Federal NYY / NYM 4 X 0,75", 61.00 
0000224,"Kabel Supreme NYM 4 X 0,75", 200.00 
0000225,"Kabel Supreme NYM 4 X1,5", 166.50 
0000226,"Kabel Federal NYY HY(PUTIH) 2 X 0,75",
0000227,"KABEL FEDERAL NYM/NYY 2 X 0,75",
0000228,KABEL NYA 1 X1.5 MERAH, 117.00 
0000229,KABEL TIES 55CM,
0000230,KABEL NYA 1 X1.5 HITAM, 113.00 
0000231,KABEL TIS 30 CM ( DUS ),
0000232,KNEE BS 1/2,
0000233,KNEE BS 3/4,
0000234,KNEE BS 1,
0000235,KNEE BS 1 1/4,
0000236,KNEE BS 1 1/2,
0000237,KNEE BS 2,
0000238,KNEE BS 2 1/2,
0000239,KLEM CLIPSAL 1/2," 3,068.00 "
0000240,KNEE CLIPSAL 1/2," 1,095.00 "
0000241,KACA LAS HITAM NO.11, 66.00 
0000242,KACA LAS PUTIH NO.11, 6.00 
0000243,KACA LAS HITAM NO.10, 11.00 
0000244,KARET FLANK 1/2, 72.00 
0000245,KARET FLANK 3/4, 48.00 
0000246,KARET FLANK 1, 68.00 
0000247,KARET FLANK 1 1/4, 46.00 
0000248,KARET FLANK 1 1/2, 75.00 
0000249,KARET FLANK 2, 56.00 
0000250,KARET FLANK 2 1/2, 36.00 
0000251,KARET FLANK 3, 55.00 
0000252,KAWAT LAS RB-26," 2,600.00 "
0000253,"KAWAT LAS LB-52 UK 2,6MM", 931.00 
0000254,"KAWAT LAS LB-52 UK.3,2", 235.00 
0000255,KAWAT LAS STEINLEES, 53.00 
0000256,KAWAT LAS RD 2 MM,
0000257,"KAWAT LAS LB-52 UK 2,6MM ( DUS )",
0000258,KACAMATA GERINDA PUTIH, 5.00 
0000259,KACAMATA GERINDA HITAM, 9.00 
0000260,"KNEE RIFENG UK.1""",
0000261,KLEM SELANG 3/8 X 5/8,
0000262,KLEM SELANG 7/8," 3,237.00 "
0000263,KLEM SELANG 10 - 16, 222.00 
0000264,KLEM SELANG NO.2 38 - 57, 8.00 
0000265,KLEM SELANG 2A NO.24 32 - 51, 10.00 
0000266,KLEM SELANG NO.36 46 - 74, 5.00 
0000267,KLEM SELANG 3x NO.40 57 - 76, 5.00 
0000268,KLEM SELANG 2 1/2 X 3,
0000269,KLEM SELANG 1 X 32-44, 5.00 
0000270,KLEM SELANG N0.2A 35-51, 7.00 
0000271,KLEM SEALNG NO.3 51-70, 7.00 
0000272,KLEM SELANG N0.4X, 3.00 
0000273,KLEM SELANG No.2 38-57, 7.00 
0000274,KLEM SELANG 1 13/16-23 1/4,
0000275,KLEM SELANG No.3x 64-76, 12.00 
0000276,KNEE SS 1/4, 105.00 
0000277,KNEE SS 1/2, 78.00 
0000278,KNEE SS 3/4, 97.00 
0000279,KNEE SS 1, 129.00 
0000280,KNEE SS 1 1/4, 39.00 
0000281,KNEE SS 1 1/2, 68.00 
0000282,KNEE SS 2, 71.00 
0000283,KNEE SS 2 1/2, 28.00 
0000284,KNEE TEMBAGA 1/2, 6.00 
0000285,"KUAS 2""", 81.00 
0000286,"KUAS 4""", 29.00 
0000287,"KUAS 1""",
0000288,KNEE PVC 2, 53.00 
0000289,KNEE PVC 1', 12.00 
0000290,LEM EPOXY 1/4, 56.00 
0000291,LEM EPOXY HERNERO (LAMA),
0000292,LEM EPOXY HARDENER (LAMA) , 3.00 
0000293,LEM EPOXY FILER, 5.00 
0000294,SILICONE SEALANT,
0000295,LEM EPOXY,
0000296,LEM EPOXY B.POX, 2.00 
0000297,MASKER LAS, 38.00 
0000298,MANIFOLD 3, 829.00 
0000299,MANIFOLD 4, 558.00 
0000300,MANIFOLD 2, 39.00 
0000301,MANIFOLD 6, 6.00 
0000302,MANIFOLD 5, 168.00 
0000303,"MATA GERINDA TIPIS 4"""," 1,227.00 "
0000304,"MATA GERINDA TEBAL 4""", 183.00 
0000305,"MATA GERINDA 14""", 60.00 
0000306,MATA GERINDA BOSCH, 1.00 
0000307,MATA GERINDA LAKONI,
0000308,"MATA GERINDA TIPIS 7""",
0000309,MATA GERINDA 6,
0000310,MATA SNAI AT.1/2-3/4 89211, 3.00 
0000311,MATA SNAI (CUTTER WHEEL) 70076, 3.00 
0000312,MATA SNAI 89227 AT.1-1 1/2(2), 2.00 
0000313,BLADE SNAI, 10.00 
0000314,NITROGEN,
0000315,NEPLE SELANG BS 1/4, 37.00 
0000316,NEPLE SELANG KUNINGAN 1/2 STD, 104.00 
0000317,NEPLE SELANG KUNINGAN 3/4, 11.00 
0000318,NEPLE SELANG KUNINGAN KAKI 3,
0000319,NEPLE SELANG KUNINGAN 5/8,
0000320,NEPLE SELANG KUNINGAN 3/4 X3/4, 49.00 
0000321,NEPLE SELANG KUNINGAN 1/2 X 1/2, 81.00 
0000322,NEPLE SELANG KUNINGAN 1/4, 27.00 
0000323,"NEPLE SELANG 3 KAKI KUNINGAN UK. 3/8""", 70.00 
0000324,"NEPLE SELANG KUNINGAN UK. 3/8""", 113.00 
0000325,PANEL BOX ALARM, 1.00 
0000326,PANEL ALARM 2 ZONE LUAR NEGERI, 2.00 
0000327,PANEL ALARM 2 ZONE 1 SILINOID, 1.00 
0000328,PANEL ALARM 3 ZONE 1 SILINOID, 1.00 
0000329,PANEL ALARM 5 ZONE 1 SILINOID, 5.00 
0000330,PANEL ALARM 4 ZONE 2 SILINOID, 1.00 
0000331,PANEL ALARM 4 ZONE 1 SILINOID, 5.00 
0000332,PANEL ALARM 4 ZONE LUAR NEGERI, 11.00 
0000333,PANEL ALARM 9 Z 1 S, 1.00 
0000334,PANEL ALARM 5 ZONE 2 SILINOID, 6.00 
0000335,PANEL ALARM 3 ZONE 1 SILINOID + DRY CONTAC, 5.00 
0000336,PANEL ALARM 6 ZONE 1 SILINOID, 9.00 
0000337,PANEL ALARM 10 ZONE 1 SILINOID, 1.00 
0000338,PANEL ALARM 4 ZONE 1 SILINOID + DRY CONTAC, 3.00 
0000339,PANEL ALARM 7 ZONE 1 SILINOID, 3.00 
0000340,PANEL ALARM 5 ZONE 1 SILINOID + DRY CONTAC, 3.00 
0000341,PANEL ALARM 6 ZONE 1 SILINOID + DRY CONTAC, 3.00 
0000342,PANEL ALARM 6 ZONE 2 SILINOID, 5.00 
0000343,PANEL ALARM 7 ZONE 2 SILINOID, 5.00 
0000344,PANEL ALARM 8 ZONE 1 SILINOID,
0000345,PANEL ALARM 2 ZONE 1 SILINOID + DRY CONTACT + TOMBOL RESET,
0000346,PANEL ALARM 3 ZONE 1 SILINOID + DRY CONTAC + TOMBOL RESET,
0000347,PANEL ALARM 5 ZONE 1 SILINOID + DRY CONTAC + TOMBOL RESET,
0000348,PANEL ALARM 11 ZONE 2 SILINOID ,
0000349,PANEL ALARM 8 ZONE 3 SILINOID + DRY CONTAC + TOMBOL RESET,
0000350,PANEL ALARM 8 ZONE 1 SILINOID + DRY CONTAC + TOMBOL RESET,
0000351,PANEL ALARM 38 ZONE 1 SILINOID + DRY CONTAC + TOMBOL RESET,
0000352,PANEL ALARM 2 ZONE 1 SILINOID + TOMBOL RESET,
0000353,PANEL ALARM 3 ZONE 1 SILINOID + TOMBOL RESET, 7.00 
0000354,PANEL ALARM 4 ZONE 1 SILINOID + DRY KONTAC + TOMBOL RESET,
0000355,PANEL ALARM 4 ZONE 1 SILINOID + TOMBOL RESET, 3.00 
0000356,PANEL ALARM 5 ZONE 1 SILINOID + TOMBOL RESET, 5.00 
0000357,PANEL ALARM 6 ZONE 1 SILINOID +DRY CONTACT+TOMBOL RESET,
0000358,PANEL ALARM 6 ZONE 1 SILINOID +TOMBOL RESET, 5.00 
0000359,PANEL ALARM 7 ZONE 1 SILINOID +DRY CONTAK +TOMBOL RESET, 1.00 
0000360,PANEL ALARM 7 ZONE 1 SILINOID +TOMBOL RESET, 4.00 
0000361,PANEL ALARM 8 ZONE 3 SILINOID + DRY CONTACT, 1.00 
0000362,PANEL ALARM 8 ZONE 1 SILINOID + TOMBOL RESET,
0000363,PANEL ALARM 12 ZONE 1 SILINOID +TOMBOL RESET,
0000364,PANEL ALARM 16 ZONE 4 SILINOID + DRY CONTAC + TOMBOL RESET,
0000365,PANEL ALARM 16 ZONE 4 SILINOID + DRY CONTACT + 4 TOMBOL RESET,
0000366,PANEL ALARM 12 ZONE 3 SILINOID + DRY CONTACT + 3 TOMBOL RESET,
0000367,PANEL ALARM 8 ZONE 3 SILINOID + DRY CONTAC + 3 TOMBOL RESET,
0000368,PANEL ALARM 8 ZONE 2 SILINOID + DRY CONTACT + 2 TOMBOL RESET,
0000369,PANEL ALARM 6 ZONE 2 SILINOID + DRY CONTACT + 2 TOMBOL RESET,
0000370,PANEL ALARM 19 ZONE 6 SILINOID + DRY CONTACT + TOMBOL RESET,
0000371,PANEL ALARM 9 Z 1 S + DC + TR,
0000372,PANEL ALARM 11 ZONE 2 SILINOID + DRYCONTACT+2 TOMBOL RESET,
0000373,PANEL ALARM 10 ZONE 2 SILINOID + DRYCONTACT+2 TOMBOL RESET,
0000374,PANEL ALARM 14 ZONE 2 SILINOID +DRYCONTACT+2 TOMBOL RESET,
0000375,PANEL ALARM 5 ZONE 2 SILINOID + DRY CONTACT+2 TOMBOL RESET,
0000376,PANEL ALARM 4 ZONE 2 SILINOID + DRY CONTACT + 2 TOMBOL RESET,
0000377,PANEL ALARM 2 ZONE 2 SILINOID + DRY CONTACT + 2 TOMBOL RESET,
0000378,PANEL ALARM 3 ZONE 2 SILINOID + DRY CONTACT + 2 TOMBOL RESET,
0000379,PANEL ALARM 16 ZONE 3 SILINOID + DRY CONTACT + 3 TOMBOL RESET,
0000380,PANEL ALARM 12 ZONE 5 SILINOID + DRY CONTACT + 5 TOMBOL RESET,
0000381,PANEL ALARM 24 ZONE 4 SILINOID + DRY CONTACT + 4 TOMBOL RESET,
0000382,PANEL ALARM 9 Z 2 S + DC + 2 TR,
0000383,"PIPA SCH.40 SMLS 1/4""",
0000384,"PIPA SCH.40 SMLS 1/2""", 966.00 
0000385,"PIPA SCH.40 SMLS 3/4""", 641.00 
0000386,"PIPA SCH.40 SMLS 1""", 600.00 
0000387,"PIPA SCH.40 SMLS 1 1/4""", 285.00 
0000388,"PIPA SCH.40 SMLS 1 1/2""", 498.00 
0000389,"PIPA SCH.40 SMLS 2""", 285.00 
0000390,"PIPA SCH.40 SMLS 2 1/2""", 309.00 
0000391,"PIPA SCH.40 SMLS 3""", 3.00 
0000392,PIPA BS SCH.40 SUMITOMO 3/4, 26.00 
0000393,PIPA BS SCH.40 SUMITOMO 1, 12.00 
0000394,PIPA BS SCH.40 SUMITOMO 1 1/2, 69.00 
0000395,PIPA BS SCH.40 SUMITOMO 2 1/2,
0000396,PIPA CLIPSAL 1/2, 489.00 
0000397,CORPLEX (FLEXIBLE CLIPSAL), 213.00 
0000398,CORPLEX (FLEXIBLE CLIPSAL) ROLL,
0000399,PRESSURE GAUGE WIPRO 6KG, 26.00 
0000400,PRESSURE GAUGE WIPRO 10KG, 96.00 
0000401,"PRESSURE GAUGE WIPRO 2,5KG", 82.00 
0000402,PRESSURE GAUGE GMT 10KG, 116.00 
0000403,"PRESSURE GAUGE GMT 2,5KG", 99.00 
0000404,PRESSURE GAUGE DARREN 10 BAR, 68.00 
0000405,PRESSURE GAUGE DARREN 160 MBAR, 5.00 
0000406,PRESSURE GAUGE GERMANY 1000MBAR, 3.00 
0000407,PRESSURE GAUGE ROCKY 1000MBAR,
0000408,PRESSURE GAUGE AUSTRALIA, 19.00 
0000409,PRESSURE GAUGE STEIN 10KG, 5.00 
0000410,PRESSURE GAUGE GMT 100MBAR, 25.00 
0000411,PRESSURE GAUGE GMT 500MBAR, 20.00 
0000412,PRESSURE GAUGE WIPRO 10 KG DIA 4', 1.00 
0000413,PRESSURE GAUGE GMT 1000MMH20, 53.00 
0000414,PRESSURE GAUGE 2.5 KG AUSTRALIA, 1.00 
0000415,PRESSURE GAUGE 1000MMAQ, 1.00 
0000416,PIGTAIL HOSE BRIDGESTONE 1/4 X 100, 179.00 
0000417,"PIGTAIL HOSE BRIDGESTONE 1/4 X 1,5M ",
0000418,PIGTAIL HOSE MIC 1/4 X 100, 118.00 
0000419,PIGTAIL HOSE HWASEUNG 1/4 X 100, 1.00 
0000420,PIPA RIFENG,
0000421,"PIPA RIFENG UK.1"" AIR",
0000422,"PIPA RIFENG UK.1"" GAS",
0000423,PIGTAIL HOSE METAGOMA 1/4 X 100, 224.00 
0000424,PIGTAIL HOSE METAGOMA 1/2 X 1M,
0000425,pengunci regulator standart, 11.00 
0000426,PENGUNCI REGULATOR TEKNO, 25.00 
0000427,PENGUNCI REGULATOR CAJ, 8.00 
0000428,Pipa PVC 2', 9.00 
0000429,"PIPA PVC PUTIH WAVIN 3""", 3.00 
0000430,PIPA PVC PUTIH WAVIN 1',
0000431,REGULATOR WIN GAS + AMP / HP,
0000432,REDUCER BS 3/4 X 1/2, 27.00 
0000433,REDUCER BS 1 X 1/2, 26.00 
0000434,REDUCER BS 1 X 3/4, 32.00 
0000435,REDUCER BS 1 1/4 X 1/2, 31.00 
0000436,REDUCER BS 1 1/4 X 3/4, 33.00 
0000437,REDUCER BS 1 1/4 X 1, 27.00 
0000438,REDUCER BS 1 1/2 X 1/2, 23.00 
0000439,REDUCER BS 1 1/2 X 3/4, 21.00 
0000440,Reducer BS 2 1/2 X 1, 2.00 
0000441,Reducer BS 1 1/2 X 1, 2.00 
0000442,REGULATOR BIOGAS+AMP, 1.00 
0000443,REGULATOR BLUE GAS, 433.00 
0000444,REGULATOR INDOGAS, 16.00 
0000445,REGULATOR MIYAKO RM-100,
0000446,REGULATOR PENSONIC, 20.00 
0000447,REGULATOR NIS NI 0909 S/HP, 1.00 
0000448,REGULATOR NIS NI 0910 S, 7.00 
0000449,REGULATOR FISHER HSRL-CFS, 11.00 
0000450,REGULATOR FISHER 622H-DGJ, 10.00 
0000451,REGULATOR FISHER 64 & 67, 1.00 
0000452,REGULATOR FISHER 67CH-742, 1.00 
0000453,REGULATOR FISHER 67CH-751, 1.00 
0000454,REGULATOR FISHER R632-CFFXA, 1.00 
0000455,REGULATOR KATSURA KA-30 AF,
0000456,REGULATOR KATSURA KLS-5, 17.00 
0000457,REGULATOR WIN GAS TYPE DN 138M ,
0000458,REGULATOR WIN GAS SL 777 PLUS AMP, 6.00 
0000459,REGULATOR WIN GAS W118M+AMP, 46.00 
0000460,REGULATOR WIN GAS W118NM NO AMP, 55.00 
0000461,REGULATOR TEKVA + AMP W28 12KG,
0000462,REGULATOR TEKVA +AMP T108 2KG, 3.00 
0000463,REGULATOR NIS NI-0107-S, 144.00 
0000464,REGULATOR HWAYOUNG, 20.00 
0000465,Regulator + selang miyako, 9.00 
0000466,Regulator + selang quantum , 42.00 
0000467,Regulator + selang wingas, 19.00 
0000468,Regulator + selang inti gas, 4.00 
0000469,REGULATOR WIN GAS NO AMP / HP, 43.00 
0000470,REGULATOR WIN GAS HP NO AMP W181M , 54.00 
0000471,REGULATOR COMAP 10KG / HP APR85R, 29.00 
0000472,REGULATOR COMAP 24KG / HP APZ 120, 25.00 
0000473,REGULATOR COMAP 70KG / HP AP40R, 30.00 
0000474,REGULATOR COMAP 200KG / HP APS1000R, 15.00 
0000475,REGULATOR LUCKY FLAME AUTOMATIC / HP, 8.00 
0000476,REGULATOR LUCKY FLAME STD / HP, 1.00 
0000477,REGULATOR MEYERS / HP, 8.00 
0000478,REGULATOR REGO FB 597 / HP, 28.00 
0000479,REGULATOR REGO 250KG / HP,
0000480,REGULATOR HWA YOUNG 100KG HP,
0000481,REGULATOR KOPLING ARAH SAMPING, 131.00 
0000482,REGULATOR KOPLING ARAH DEPAN, 13.00 
0000483,REDUCER KUNINGAN 3/4 X 1/2, 145.00 
0000484,REDUCER KUNINGAN 1 X 1/2, 14.00 
0000485,REGULATOR WIN GAS PLUS AMP/ LP W199NM, 4.00 
0000486,REGULATOR QUANTUM + AMP LP, 14.00 
0000487,Regulator LP GOLDEN GAS + AMP , 30.00 
0000488,REGULATOR WIN GAS NO AMP/ LP W199NM, 5.00 
0000489,REGULATOR QUANTUM NO AMP LP, 10.00 
0000490,REGULATOR COMAP 4KG  / LP BP1803, 8.00 
0000491,REGULATOR COMAP 10KG / LP BP2205, 38.00 
0000492,REGULATOR COMAP 30KG / LP, 22.00 
0000493,REGULATOR FUJIKO 6KG RC-6 / LP,
0000494,REGULATOR FUJIKO RC-33 / LP, 2.00 
0000495,REGULATOR FUJIKO RD-33 / LP, 4.00 
0000496,REGULATOR FUJIKO LGSNG TBG R-280/RSA5 / LP, 59.00 
0000497,REGULATOR HWA YOUNG 7KG / LP,
0000498,REGULATOR KAN SNI 12KG / LP, 8.00 
0000499,REGULATOR ONE GAS 12KG / LP, 7.00 
0000500,REGULATOR REGO 20KG LV4403BB66 / LP,
0000501,REGULATOR REGO 40KG LV 5503B8 / LP, 28.00 
0000502,REGULATOR TEXVA KECIL W28 / LP, 21.00 
0000503,REGULATOR TEXVA BESAR / LP,
0000504,REGULATOR FISHER 35 KG 622 DFF LP , 5.00 
0000505,REGULATOR COMAP LP 40KG BP2402, 8.00 
0000506,REGULATOR REGO 17 KG LV5503C4 / LP, 1.00 
0000507,REGULATOR FUJIKO RC-7 / LP, 6.00 
0000508,REDUCER LAS SCH.40  3/4 X 1/4,
0000509,REDUCER LAS SCH.40  3/4 X 1/2, 29.00 
0000510,REDUCER LAS SCH.40 1 X 1/2, 54.00 
0000511,REDUCER LAS SCH.40  1 X 3/4, 114.00 
0000512,REDUCER LAS SCH.40  1 1/4 X 1/2, 32.00 
0000513,REDUCER LAS SCH.40  1 1/4 X 3/4, 46.00 
0000514,REDUCER LAS SCH.40  1 1/4  X 1, 109.00 
0000515,REDUCER LAS SCH.40  1 1/4 X 1 1/2, 46.00 
0000516,REDUCER LAS SCH.40  1 1/2 X 1/2, 90.00 
0000517,REDUCER LAS SCH.40  1 1/2 X 3/4, 97.00 
0000518,REDUCER LAS SCH.40  1 1/2 X 1, 113.00 
0000519,REDUCER LAS SCH.40  2 X 1/2, 96.00 
0000520,REDUCER LAS SCH.40  2 X 3/4, 89.00 
0000521,REDUCER LAS SCH.40  2 X 1, 93.00 
0000522,REDUCER LAS SCH.40  2 X 1 1/4, 41.00 
0000523,REDUCER LAS SCH.40  2 X 1 1/2, 72.00 
0000524,REDUCER LAS SCH.40  2 1/2 X 1, 68.00 
0000525,REDUCER LAS SCH.40  2 1/2 X 1 1/4, 65.00 
0000526,REDUCER LAS SCH.40  2 1/2 X 1 1/2, 28.00 
0000527,REDUCER LAS SCH.40  2 1/2 X 2, 40.00 
0000528,REDUCER LAS SCH.40  3 X 2, 25.00 
0000529,REDUCER LAS SCH.40  4 X 2,
0000530,REDUCER LAS SCH.20 2 1/2 X 1, 5.00 
0000531,REDUCER LAS SCH.20 2 1/2 X 1 1/4, 5.00 
0000532,REDUCER LAS SCH.20 2 1/2 X 1 1/2, 5.00 
0000533,REDUCER LAS SCH.20 2 1/2 X 2, 1.00 
0000534,REDUCER LAS SCH.20 2 X1/2, 21.00 
0000535,REDUCER LAS SCH.20 2 X 3/4, 26.00 
0000536,REDUCER LAS SCH.20 1 1/2 x 1 1/4, 95.00 
0000537,REDUCER LAS SCH.20 1 1/2 x 1, 14.00 
0000538,REDUCER LAS SCH.20 1 1/2 x 3/4, 48.00 
0000539,REDUCER LAS SCH.20 1 1/4 x 1, 47.00 
0000540,REDUCER LAS SCH.20 1 1/4 x 3/4, 54.00 
0000541,REDUCER LAS SCH.20 1 1/4 x 1/2, 42.00 
0000542,REDUCER LAS SCH.20 1 x 3/4, 93.00 
0000543,REDUCER LAS SCH.20 1 x 1/2, 22.00 
0000544,REDUCER LAS SCH.20 1/2 x 3/4, 40.00 
0000545,REDUCER SS 1/4 X 3/8, 29.00 
0000546,REDUCER SS 1/2 X 3/4, 37.00 
0000547,REDUCER SS 1/2 X 3/8, 24.00 
0000548,REDUCER SS 3/4 X 1/4, 50.00 
0000549,REDUCER SS 1 X 1/4, 47.00 
0000550,REDUCER SS 1 X 1/2, 29.00 
0000551,REDUCER SS 1 X 3/4, 157.00 
0000552,REDUCER SS 1 1/4 X 1/2, 50.00 
0000553,REDUCER SS 1 1/4 X 3/4, 80.00 
0000554,REDUCER SS 1 1 /4 X 1, 68.00 
0000555,REDUCER SS 1 1/2 X 3/4, 52.00 
0000556,REDUCER SS 1 1/2 X 1, 32.00 
0000557,REDUCER SS 2 X 3/4, 43.00 
0000558,REDUCER SS 2 X 1, 21.00 
0000559,REDUCER SS 2 X 1 1/2, 5.00 
0000560,REDUCER SS 2 1/2 X 1, 21.00 
0000561,RING VER 1/2," 7,320.00 "
0000562,RING VER 5/8," 2,512.00 "
0000563,SELANG ALUMUNIUM, 246.50 
0000564,SELANG BRIDGESTONE, 184.90 
0000565,SHOCK BS 1/4, 177.00 
0000566,SHOCK BS 1/2, 13.00 
0000567,SHOCK BS 3/4, 17.00 
0000568,SHOCK BS 1, 4.00 
0000569,SHOCK BS 1 1/4, 21.00 
0000570,SHOCK BS 1 1/2, 20.00 
0000571,SHOCK BS 2,
0000572,SHOCK CLIPSAL 1/2," 1,254.00 "
0000573,SHOCK CLIPSAL 1/2 ( PAK),
0000574,SCREW TP JF 6 X 1 1/2," 5,842.00 "
0000575,SEAL ORING KECIL 50KG, 27.00 
0000576,SEAL ORING BESAR 50 KG, 153.00 
0000577,SEAL O-RING 3/4, 213.00 
0000578,SEAL O-RING 1/2, 52.00 
0000579,SEAL O-RING 1, 248.00 
0000580,SEAL O-RING 1 1/4, 77.00 
0000581,SEAL O-RING 1 1/2, 102.00 
0000582,SEAL O-RING 2, 67.00 
0000583,SHOCK RIFENG 1620 X 1/2,
0000584,SHOCK RIFENG 1620 X 3/4, 10.00 
0000585,"SHOCK RIFENG UK.1""",
0000586,"SHOCK DRAT LUAR UK.1""",
0000587,SHOCK RIFENG 2025 X 1620 ( 1 X 3/4 ), 2.00 
0000588,SHOCK RIFENG 1620 ( 3/4 ), 9.00 
0000589,SHOCK RIFENG 1620 X 1216 ( 3/4 X 1/2 ), 10.00 
0000590,SAFETY RELIEF REGO, 6.00 
0000591,SAFETY RELIEF COMAP, 225.00 
0000592,SEAL TOPI FULL 50KG, 153.00 
0000593,SeaL TOPI HALF 50KG, 50.00 
0000594,SEAL REGULATOR LP, 971.00 
0000595,SEAL KECIL, 950.00 
0000596,SEAL 12 KG," 21,950.00 "
0000597,SILINOID ASCO 1/2, 10.00 
0000598,SILINOID ASCO 1, 17.00 
0000599,SILINOID ASCO 1 1/4, 10.00 
0000600,SILINOID ASCO 1 1/2, 21.00 
0000601,SILINOID ASCO 2, 13.00 
0000602,SILINOID UNI-D 1, 4.00 
0000603,SILINOID MADAS M-16, 2.00 
0000604,"SILINOID BURKET 1""", 3.00 
0000605,KAPUR BESI, 645.00 
0000606,KAP LAS, 6.00 
0000607,KEPALA BURNER,
0000608,KAWAT BENDING UK.20MM,
0000609,"HANGER KLEM 1 1/2""",
0000610,"HANGER KLEM 1""",
0000611,BOX GAS DETECTOR, 48.00 
0000612,BURNER OVEN HORIZONTAL,
0000613,BURNER OVEN VERTICAL,
0000614,BURNER OBOR,
0000615,PISTOL BUNSEN OBOR,
0000616,BESI HOLLO 4X4, 48.00 
0000617,BURNER OBOR+SPUYER,
0000618,FLUSHING NITROGEN,
0000619,SHOCK SS 1/4, 82.00 
0000620,SHOCK SS 1/2, 143.00 
0000621,SHOCK SS 3/4, 78.00 
0000622,SHOCK SS 1, 190.00 
0000623,SHOCK SS 1 1/4, 85.00 
0000624,SHOCK SS 1 1/2, 61.00 
0000625,SHOCK SS 2, 39.00 
0000626,SHOCK TEMBAGA 1 1/2, 13.00 
0000627,SEAL TAPE ONDA," 1,180.00 "
0000628,SEAL TAPE SAMBO, 24.00 
0000629,SARUNG TANGAN BIASA, 43.00 
0000630,SARUNG TANGAN LAS, 7.00 
0000631,SEAL UNION PUTIH 3/4,
0000632,SEAL UNION PUTIH 1,
0000633,SEAL UNION PUTIH 1/2,
0000634,SEAL UNION PUTIH 1 1/4,
0000635,SEAL UNION PUTIH 1 1/2,
0000636,SEAL UNION PUTIH 2,
0000637,SEAL UNION PUTIH 2 1/2,
0000638,SHOCK PVC 2, 50.00 
0000639,SHOCK PVC 1',
0000640,TEE BS 1/4, 10.00 
0000641,TEE BS 1/2, 35.00 
0000642,TEE BS 3/4, 36.00 
0000643,TEE BS 3/4 X 1/2, 15.00 
0000644,TEE BS 1, 48.00 
0000645,TEE BS 1 X 1/2, 11.00 
0000646,TEE BS 1 X 3/4, 79.00 
0000647,TEE BS 1 1/4, 10.00 
0000648,TEE BS 1 1/4 X 1/2, 79.00 
0000649,TEE BS 1 1/4 X 3/4, 85.00 
0000650,TEE BS 1 1/4 X 1, 29.00 
0000651,TEE BS 1 1/2 X 1/2, 66.00 
0000652,TEE BS 2 X 1/2, 9.00 
0000653,TAKE DOS KAKI 3, 661.00 
0000654,THINNER 1LTR, 17.00 
0000655,THINNER 5LTR, 1.00 
0000656,THINNER,
0000657,THINNER COBRA,
0000658,TEE KUNINGAN L16,
0000659,TEE KUNINGAN RIFENG T20 3/4, 4.00 
0000660,"TEE RIFENG UK.1""",
0000661,TEE LAS SCH.40  1/2, 94.00 
0000662,"TEE LAS SCH.40  3/4""", 152.00 
0000663,TEE LAS SCH.40  3/4 X 1/2, 132.00 
0000664,TEE LAS SCH.40  1, 198.00 
0000665,TEE LAS SCH.40  1 X 1/2, 137.00 
0000666,TEE LAS SCH.40  1 X 3/4, 116.00 
0000667,TEE LAS SCH.40  1 1/4, 83.00 
0000668,TEE LAS SCH.40  1 1/4 X 1/2, 69.00 
0000669,TEE LAS SCH.40  1 1/4 X 3/4, 62.00 
0000670,TEE LAS SCH.40  1 1/4 X 1, 66.00 
0000671,TEE LAS SCH.40  1 1/2, 201.00 
0000672,TEE LAS SCH.40  1 1/2 X 1/2, 134.00 
0000673,TEE LAS SCH.40  1 1/2 X 3/4, 117.00 
0000674,TEE LAS SCH.40  1 1/2 X 1, 125.00 
0000675,TEE LAS SCH.40 1 1/2 X 1 1/4, 65.00 
0000676,TEE LAS SCH.40  2, 63.00 
0000677,TEE LAS SCH.40  2 X 1/2, 70.00 
0000678,TEE LAS SCH.40  2 X 3/4, 54.00 
0000679,TEE LAS SCH.40  2 X 1, 56.00 
0000680,TEE LAS SCH.40  2 X 1 1/4, 57.00 
0000681,TEE LAS SCH.40  2 X 1 1/2,
0000682,TEE LAS SCH.40  2 1/2, 35.00 
0000683,TEE LAS SCH.40  2 1/2 X 1/2, 30.00 
0000684,TEE LAS SCH.40  2 1/2 X 1, 75.00 
0000685,TEE LAS SCH.40  2 1/2 X 2, 33.00 
0000686,TEE LAS SCH. 20 2 1/2 , 5.00 
0000687,TEE LAS SCH. 20 1 1/2, 78.00 
0000688,TEE LAS SCH. 20 1 1/4, 94.00 
0000689,TEE LAS SCH. 20 1 1/4 X 1, 64.00 
0000690,TEE LAS SCH. 20 1 1/4 X3/4, 29.00 
0000691,TEE LAS SCH. 20 1, 80.00 
0000692,TEE LAS SCH. 20 2 1/2 X 1/2, 10.00 
0000693,TEE LAS SCH. 20 2, 2.00 
0000694,TEE LAS SCH. 20 2 X 1, 5.00 
0000695,TEE LAS SCH. 20 2 X 3/4, 2.00 
0000696,TEE LAS SCH. 20 2 X 1/2, 20.00 
0000697,TEE LAS SCH. 20 1 1/2 X 1, 1.00 
0000698,TEE LAS SCH. 20 1 1/2 X 1 1/4, 24.00 
0000699,TEE LAS SCH. 20 1 1/2 X 3/4, 69.00 
0000700,TEE LAS SCH. 20 1 1/2 X 1/2, 76.00 
0000701,TEE LAS SCH. 20 1/2, 57.00 
0000702,TEE LAS SCH. 20 3/4 X 1/2, 22.00 
0000703,TEE LAS SCH. 20 3/4, 83.00 
0000704,TEE LAS SCH. 20 1 X 1/2, 28.00 
0000705,TEE LAS SCH. 20 1 X 3/4, 143.00 
0000706,TEE SS 1/4, 93.00 
0000707,TEE SS 1/2, 57.00 
0000708,TEE SS 1/2 X 1/4, 14.00 
0000709,TEE SS 1/2 X 3/4, 35.00 
0000710,TEE SS 3/4, 136.00 
0000711,TEE SS 1, 301.00 
0000712,TEE SS 1 X 1/4, 19.00 
0000713,TEE SS 1 X 1/2, 95.00 
0000714,TEE SS 1 X 3/4, 317.00 
0000715,TEE SS 1 1 /4, 88.00 
0000716,TEE SS 1 1/4 X 1/2, 48.00 
0000717,TEE SS 1 1/4 X 3/4, 57.00 
0000718,TEE SS 1 1/4 X 1, 51.00 
0000719,TEE SS 1 1/2, 69.00 
0000720,TEE SS 1 1 /2 X 1/2, 100.00 
0000721,TEE SS 1 1/2 X 3/4, 19.00 
0000722,TEE SS 1 1/2 X 1, 77.00 
0000723,TEE SS 2, 42.00 
0000724,TEE SS 2 X 1/2, 15.00 
0000725,TEE SS 2 X 1, 29.00 
0000726,TEE SS 2 1/2, 35.00 
0000727,Tee SS 1 X 3/8    , 2.00 
0000728,TEE TEMBAGA 1 1/2, 6.00 
0000729,TEE RIFENG T-16, 25.00 
0000730,TEE PVC 1 x 1/2', 13.00 
0000731,UNION BS 1/2, 37.00 
0000732,UNION BS 3/4, 31.00 
0000733,UNION BS 1, 14.00 
0000734,UNION BS 1 1/4, 17.00 
0000735,UNION BS 1 1/2, 42.00 
0000736,UNION BS 2 1/2, 2.00 
0000737,UBOLT 1/2, 898.00 
0000738,UBOLT 3/4, 928.00 
0000739,UBOLT 1, 546.00 
0000740,UBOLT 1 1/4, 648.00 
0000741,UBOLT 1 1/2, 668.00 
0000742,UBOLT 2, 475.00 
0000743,UBOLT 2 1/2, 217.00 
0000744,UBOLT 3, 284.00 
0000745,UNION SS 1/4,
0000746,UNION SS 1/2, 122.00 
0000747,UNION SS 3/4, 190.00 
0000748,UNION SS 1, 147.00 
0000749,UNION SS 1 1/4, 56.00 
0000750,UNION SS 1 1/2, 93.00 
0000751,UNION SS 2, 121.00 
0000752,UNION SS 2 1/2, 15.00 
0000753,"FEMALE UNION RIFENG 1""",
0000754,VERLOP RING KUNINGAN 1/2 X 1/4, 6.00 
0000755,VERLOP RING KUNINGAN 1 X 3/4, 13.00 
0000756,VERLOP RING SS 1/4 X 3/8, 31.00 
0000757,VERLOP RING SS 1/2 X 1/4, 166.00 
0000758,VERLOP RING SS 1/2 X 3/8, 121.00 
0000759,VERLOP RING SS 3/4 X 1/4, 157.00 
0000760,VERLOP RING SS 3/4 X 1/2, 74.00 
0000761,VERLOP RING SS 1 X 1/4, 72.00 
0000762,VERLOP RING SS 1 X 1/2, 53.00 
0000763,VERLOP RING SS 1 X 3/4, 35.00 
0000764,VERLOP RING SS 1 1/4 X 1/2, 60.00 
0000765,VERLOP RING SS 1 1/4 X 3/4, 42.00 
0000766,VERLOP RING SS 1 1/4 X 1, 12.00 
0000767,VERLOP RING SS 1 1/2 X 1/2, 35.00 
0000768,VERLOP RING SS 1 1/2 X 3/4, 28.00 
0000769,VERLOP RING SS 2 X 1/2, 42.00 
0000770,VERLOP RING SS 2 X 3/4, 40.00 
0000771,VERLOP RING SS 2 X 1, 33.00 
0000772,VERLOP RING SS 2 X 1 1/4,
0000773,VERLOP RING SS 2 X 1 1/2, 36.00 
0000774,WRAPING POLIKEN, 660.00 
